name,frames,frame/second,duration_min,dimensions
nonsleepyCombination.avi,3330,30,1.85,640x480
sleepyCombination.avi,2748,30.19,1.52,640x480
slowBlinkWithNodding.avi,1920,30.47,1.05,640x480
yawning.avi,1850,30.32,1.02,640x480
nonsleepyCombination.avi,1513,15.13,1.67,640x480
sleepyCombination.avi,1495,15.1,1.65,640x480
slowBlinkWithNodding.avi,1098,15.04,1.22,640x480
yawning.avi,1092,15.16,1.2,640x480
nonsleepyCombination.avi,1521,15.05,1.68,640x480
sleepyCombination.avi,1502,15.17,1.65,640x480
slowBlinkWithNodding.avi,1073,15.11,1.18,640x480
yawning.avi,1038,14.61,1.18,640x480
nonsleepyCombination.avi,2732,30.35,1.5,640x480
sleepyCombination.avi,2711,30.46,1.48,640x480
slowBlinkWithNodding.avi,1852,30.36,1.02,640x480
yawning.avi,1872,30.19,1.03,640x480
nonsleepyCombination.avi,2803,30.13,1.55,640x480
sleepyCombination.avi,2805,29.52,1.58,640x480
slowBlinkWithNodding.avi,2001,30.31,1.1,640x480
yawning.avi,1965,30.23,1.08,640x480
nonsleepyCombination.avi,2934,30.24,1.62,640x480
sleepyCombination.avi,2879,30.3,1.58,640x480
slowBlinkWithNodding.avi,2036,30.38,1.12,640x480
yawning.avi,2067,30.39,1.13,640x480
nonsleepyCombination.avi,1260,15.18,1.38,640x480
sleepyCombination.avi,1380,15.16,1.52,640x480
slowBlinkWithNodding.avi,923,15.13,1.02,640x480
yawning.avi,913,15.21,1,640x480
nonsleepyCombination.avi,1497,15.12,1.65,640x480
sleepyCombination.avi,1351,15.17,1.48,640x480
slowBlinkWithNodding.avi,1216,15.2,1.33,640x480
yawning.avi,913,15.21,1,640x480
nonsleepyCombination.avi,2679,29.76,1.5,640x480
sleepyCombination.avi,2657,30.19,1.47,640x480
slowBlinkWithNodding.avi,1810,30.16,1,640x480
yawning.avi,1771,29.51,1,640x480
nonsleepyCombination.avi,2880,30,1.6,640x480
sleepyCombination.avi,2907,30.28,1.6,640x480
slowBlinkWithNodding.avi,2106,30.08,1.17,640x480
yawning.avi,2050,30.14,1.13,640x480
nonsleepyCombination.avi,3073,30.12,1.7,640x480
sleepyCombination.avi,2922,30.12,1.62,640x480
slowBlinkWithNodding.avi,2253,30.44,1.23,640x480
yawning.avi,2298,30.23,1.27,640x480
nonsleepyCombination.avi,1445,15.05,1.6,640x480
sleepyCombination.avi,1463,15.08,1.62,640x480
slowBlinkWithNodding.avi,1015,15.14,1.12,640x480
yawning.avi,1008,15.04,1.12,640x480
nonsleepyCombination.avi,3302,30.29,1.82,640x480
sleepyCombination.avi,3192,30.11,1.77,640x480
slowBlinkWithNodding.avi,2253,30.44,1.23,640x480
yawning.avi,2640,30.34,1.45,640x480
nonsleepyCombination.avi,3086,30.25,1.7,640x480
sleepyCombination.avi,3015,30.15,1.67,640x480
slowBlinkWithNodding.avi,2290,30.13,1.27,640x480
yawning.avi,2304,30.31,1.27,640x480
nonsleepyCombination.avi,2868,30.18,1.58,640x480
sleepyCombination.avi,2849,30.3,1.57,640x480
slowBlinkWithNodding.avi,1911,30.33,1.05,640x480
yawning.avi,1886,30.41,1.03,640x480
nonsleepyCombination.avi,1405,14.78,1.58,640x480
sleepyCombination.avi,1465,14.94,1.63,640x480
slowBlinkWithNodding.avi,1003,15.19,1.1,640x480
yawning.avi,1026,15.08,1.13,640x480
nonsleepyCombination.avi,1428,14.57,1.63,640x480
sleepyCombination.avi,1424,14.98,1.58,640x480
slowBlinkWithNodding.avi,1000,15.15,1.1,640x480
yawning.avi,1038,15.04,1.15,640x480
nonsleepyCombination.avi,2888,30.08,1.6,640x480
sleepyCombination.avi,2890,30.1,1.6,640x480
slowBlinkWithNodding.avi,1992,30.18,1.1,640x480
yawning.avi,2146,30.22,1.18,640x480
nonsleepyCombination.avi,2959,30.19,1.63,640x480
sleepyCombination.avi,2935,30.25,1.62,640x480
slowBlinkWithNodding.avi,2054,30.2,1.13,640x480
yawning.avi,2245,30.33,1.23,640x480
nonsleepyCombination.avi,2905,30.26,1.6,640x480
sleepyCombination.avi,2781,30.22,1.53,640x480
slowBlinkWithNodding.avi,1971,30.32,1.08,640x480
yawning.avi,1967,30.26,1.08,640x480
nonsleepyCombination.avi,1410,15.16,1.55,640x480
sleepyCombination.avi,1430,15.05,1.58,640x480
slowBlinkWithNodding.avi,962,15.26,1.05,640x480
yawning.avi,976,15.25,1.07,640x480
nonsleepyCombination.avi,1426,15.17,1.57,640x480
sleepyCombination.avi,1248,15.03,1.38,640x480
slowBlinkWithNodding.avi,956,14.93,1.07,640x480
yawning.avi,969,15.14,1.07,640x480
nonsleepyCombination.avi,2861,30.11,1.58,640x480
sleepyCombination.avi,2872,30.23,1.58,640x480
slowBlinkWithNodding.avi,2103,30.04,1.17,640x480
yawning.avi,1984,30.52,1.08,640x480
nonsleepyCombination.avi,2812,29.6,1.58,640x480
sleepyCombination.avi,2793,29.4,1.58,640x480
slowBlinkWithNodding.avi,1987,30.1,1.1,640x480
yawning.avi,1996,30.24,1.1,640x480
nonsleepyCombination.avi,2856,30.06,1.58,640x480
sleepyCombination.avi,2877,30.28,1.58,640x480
slowBlinkWithNodding.avi,2183,30.31,1.2,640x480
yawning.avi,2239,30.25,1.23,640x480
nonsleepyCombination.avi,1442,15.17,1.58,640x480
sleepyCombination.avi,1363,14.65,1.55,640x480
slowBlinkWithNodding.avi,975,15.23,1.07,640x480
yawning.avi,976,15.25,1.07,640x480
nonsleepyCombination.avi,1431,15.06,1.58,640x480
sleepyCombination.avi,1343,15.08,1.48,640x480
slowBlinkWithNodding.avi,974,15.21,1.07,640x480
yawning.avi,964,15.06,1.07,640x480
nonsleepyCombination.avi,2868,30.18,1.58,640x480
sleepyCombination.avi,2884,30.35,1.58,640x480
slowBlinkWithNodding.avi,2000,30.3,1.1,640x480
yawning.avi,1958,30.12,1.08,640x480
nonsleepyCombination.avi,2941,30.31,1.62,640x480
sleepyCombination.avi,2915,30.36,1.6,640x480
slowBlinkWithNodding.avi,2168,30.11,1.2,640x480
yawning.avi,1998,30.27,1.1,640x480
nonsleepyCombination.avi,2940,30.3,1.62,640x480
sleepyCombination.avi,3005,30.35,1.65,640x480
slowBlinkWithNodding.avi,2167,30.09,1.2,640x480
yawning.avi,2127,30.38,1.17,640x480
nonsleepyCombination.avi,1754,15.12,1.93,640x480
sleepyCombination.avi,1429,15.04,1.58,640x480
slowBlinkWithNodding.avi,1044,15.13,1.15,640x480
yawning.avi,976,15.25,1.07,640x480
nonsleepyCombination.avi,1964,15.1,2.17,640x480
sleepyCombination.avi,1416,15.06,1.57,640x480
slowBlinkWithNodding.avi,974,15.21,1.07,640x480
yawning.avi,975,15.23,1.07,640x480
nonsleepyCombination.avi,2879,29.37,1.63,640x480
sleepyCombination.avi,3029,30.29,1.67,640x480
slowBlinkWithNodding.avi,2192,30.44,1.2,640x480
yawning.avi,2185,30.34,1.2,640x480
nonsleepyCombination.avi,3019,30.19,1.67,640x480
sleepyCombination.avi,2970,30.3,1.63,640x480
slowBlinkWithNodding.avi,2255,30.47,1.23,640x480
yawning.avi,2175,30.2,1.2,640x480
nonsleepyCombination.avi,3231,30.19,1.78,640x480
sleepyCombination.avi,2886,30.06,1.6,640x480
slowBlinkWithNodding.avi,2246,30.35,1.23,640x480
yawning.avi,2117,30.24,1.17,640x480
nonsleepyCombination.avi,1581,15.05,1.75,640x480
sleepyCombination.avi,1431,15.06,1.58,640x480
slowBlinkWithNodding.avi,1090,15.13,1.2,640x480
yawning.avi,974,15.21,1.07,640x480
nonsleepyCombination.avi,1538,15.07,1.7,640x480
sleepyCombination.avi,1428,15.03,1.58,640x480
slowBlinkWithNodding.avi,981,15.09,1.08,640x480
yawning.avi,968,15.12,1.07,640x480
nonsleepyCombination.avi,3080,30.19,1.7,640x480
sleepyCombination.avi,3046,30.15,1.68,640x480
slowBlinkWithNodding.avi,2012,30.48,1.1,640x480
yawning.avi,2006,30.39,1.1,640x480
nonsleepyCombination.avi,2950,30.1,1.63,640x480
sleepyCombination.avi,2898,30.18,1.6,640x480
slowBlinkWithNodding.avi,2251,30.41,1.23,640x480
yawning.avi,2205,30.2,1.22,640x480
nonsleepyCombination.avi,3029,29.4,1.72,640x480
sleepyCombination.avi,2981,29.81,1.67,640x480
slowBlinkWithNodding.avi,2048,30.11,1.13,640x480
yawning.avi,2299,30.25,1.27,640x480
nonsleepyCombination.avi,1434,15.09,1.58,640x480
sleepyCombination.avi,1435,15.1,1.58,640x480
slowBlinkWithNodding.avi,966,15.09,1.07,640x480
yawning.avi,977,15.26,1.07,640x480
nonsleepyCombination.avi,1435,15.1,1.58,640x480
sleepyCombination.avi,1421,15.11,1.57,640x480
slowBlinkWithNodding.avi,1039,15.05,1.15,640x480
yawning.avi,977,15.03,1.08,640x480
nonsleepyCombination.avi,2926,29.85,1.63,640x480
sleepyCombination.avi,2887,30.38,1.58,640x480
slowBlinkWithNodding.avi,2106,30.52,1.15,640x480
yawning.avi,2178,30.25,1.2,640x480
nonsleepyCombination.avi,3234,30.22,1.78,640x480
sleepyCombination.avi,2912,30.33,1.6,640x480
slowBlinkWithNodding.avi,2231,30.14,1.23,640x480
yawning.avi,2269,29.85,1.27,640x480
nonsleepyCombination.avi,3115,30.24,1.72,640x480
sleepyCombination.avi,2848,30.29,1.57,640x480
slowBlinkWithNodding.avi,2258,30.1,1.25,640x480
yawning.avi,2055,30.22,1.13,640x480
nonsleepyCombination.avi,1412,15.18,1.55,640x480
sleepyCombination.avi,1435,15.1,1.58,640x480
slowBlinkWithNodding.avi,1207,15.08,1.33,640x480
yawning.avi,957,15.19,1.05,640x480
nonsleepyCombination.avi,1382,15.18,1.52,640x480
sleepyCombination.avi,1482,15.12,1.63,640x480
slowBlinkWithNodding.avi,1101,15.08,1.22,640x480
yawning.avi,994,15.06,1.1,640x480
nonsleepyCombination.avi,2930,30.2,1.62,640x480
sleepyCombination.avi,2913,30.34,1.6,640x480
slowBlinkWithNodding.avi,2717,30.18,1.5,640x480
yawning.avi,2083,30.18,1.15,640x480
nonsleepyCombination.avi,2923,30.13,1.62,640x480
sleepyCombination.avi,2841,30.22,1.57,640x480
slowBlinkWithNodding.avi,1957,30.1,1.08,640x480
yawning.avi,2018,30.11,1.12,640x480
nonsleepyCombination.avi,2927,30.17,1.62,640x480
sleepyCombination.avi,2867,30.17,1.58,640x480
slowBlinkWithNodding.avi,1992,30.18,1.1,640x480
yawning.avi,1984,30.52,1.08,640x480
nonsleepyCombination.avi,1611,15.05,1.78,640x480
sleepyCombination.avi,1460,15.05,1.62,640x480
slowBlinkWithNodding.avi,1038,15.04,1.15,640x480
yawning.avi,1025,15.07,1.13,640x480
nonsleepyCombination.avi,2228,15.05,2.47,640x480
sleepyCombination.avi,1427,15.18,1.57,640x480
slowBlinkWithNodding.avi,1128,15.04,1.25,640x480
yawning.avi,1057,15.1,1.17,640x480
nonsleepyCombination.avi,2847,30.28,1.57,640x480
sleepyCombination.avi,2875,30.26,1.58,640x480
slowBlinkWithNodding.avi,1961,30.16,1.08,640x480
yawning.avi,2012,30.48,1.1,640x480
nonsleepyCombination.avi,2816,30.27,1.55,640x480
sleepyCombination.avi,2882,30.33,1.58,640x480
slowBlinkWithNodding.avi,1936,30.25,1.07,640x480
yawning.avi,1988,30.58,1.08,640x480
nonsleepyCombination.avi,4060,30.29,2.23,640x480
sleepyCombination.avi,2842,30.23,1.57,640x480
slowBlinkWithNodding.avi,2117,29.4,1.2,640x480
yawning.avi,2189,30.4,1.2,640x480
nonsleepyCombination.avi,1594,15.03,1.77,640x480
sleepyCombination.avi,1445,15.05,1.6,640x480
slowBlinkWithNodding.avi,986,15.16,1.08,640x480
yawning.avi,980,15.07,1.08,640x480
nonsleepyCombination.avi,1548,15.02,1.72,640x480
sleepyCombination.avi,1423,15.13,1.57,640x480
slowBlinkWithNodding.avi,1101,15.08,1.22,640x480
yawning.avi,992,15.26,1.08,640x480
nonsleepyCombination.avi,3462,30.1,1.92,640x480
sleepyCombination.avi,2867,30.17,1.58,640x480
slowBlinkWithNodding.avi,2015,30.53,1.1,640x480
yawning.avi,2069,30.42,1.13,640x480
nonsleepyCombination.avi,2909,29.98,1.62,640x480
sleepyCombination.avi,2847,30.28,1.57,640x480
slowBlinkWithNodding.avi,2000,30.3,1.1,640x480
yawning.avi,2048,30.11,1.13,640x480
nonsleepyCombination.avi,3030,30.3,1.67,640x480
sleepyCombination.avi,3058,29.68,1.72,640x480
slowBlinkWithNodding.avi,2220,30.41,1.22,640x480
yawning.avi,2067,30.39,1.13,640x480
nonsleepyCombination.avi,1456,15.16,1.6,640x480
sleepyCombination.avi,1615,15.09,1.78,640x480
slowBlinkWithNodding.avi,980,15.07,1.08,640x480
yawning.avi,1015,15.14,1.12,640x480
nonsleepyCombination.avi,1436,14.95,1.6,640x480
sleepyCombination.avi,1425,15.15,1.57,640x480
slowBlinkWithNodding.avi,991,15.24,1.08,640x480
yawning.avi,1056,15.08,1.17,640x480
nonsleepyCombination.avi,3033,30.33,1.67,640x480
sleepyCombination.avi,2953,30.13,1.63,640x480
slowBlinkWithNodding.avi,1969,30.29,1.08,640x480
yawning.avi,2287,30.49,1.25,640x480
nonsleepyCombination.avi,2997,30.27,1.65,640x480
sleepyCombination.avi,2879,30.3,1.58,640x480
slowBlinkWithNodding.avi,1992,30.18,1.1,640x480
yawning.avi,2135,30.07,1.18,640x480
nonsleepyCombination.avi,3076,30.15,1.7,640x480
sleepyCombination.avi,2203,30.17,1.22,640x480
slowBlinkWithNodding.avi,2171,30.15,1.2,640x480
yawning.avi,2107,30.1,1.17,640x480
nonsleepyCombination.avi,1446,15.06,1.6,640x480
sleepyCombination.avi,1422,15.12,1.57,640x480
slowBlinkWithNodding.avi,1114,15.05,1.23,640x480
yawning.avi,1172,15.02,1.3,640x480
nonsleepyCombination.avi,1494,15.09,1.65,640x480
sleepyCombination.avi,1570,15.09,1.73,640x480
slowBlinkWithNodding.avi,999,15.13,1.1,640x480
yawning.avi,949,15.06,1.05,640x480
nonsleepyCombination.avi,3114,30.23,1.72,640x480
sleepyCombination.avi,2948,30.08,1.63,640x480
slowBlinkWithNodding.avi,2090,30.28,1.15,640x480
yawning.avi,1986,30.55,1.08,640x480
nonsleepyCombination.avi,2944,30.35,1.62,640x480
sleepyCombination.avi,2878,30.29,1.58,640x480
slowBlinkWithNodding.avi,2216,30.35,1.22,640x480
yawning.avi,2009,30.43,1.1,640x480
nonsleepyCombination.avi,2923,30.13,1.62,640x480
sleepyCombination.avi,2845,30.26,1.57,640x480
slowBlinkWithNodding.avi,2096,30.37,1.15,640x480
yawning.avi,2061,30.3,1.13,640x480
nonsleepyCombination.avi,1444,15.04,1.6,640x480
sleepyCombination.avi,1101,15.08,1.22,640x480
slowBlinkWithNodding.avi,982,15.1,1.08,640x480
yawning.avi,970,15.15,1.07,640x480
nonsleepyCombination.avi,1449,15.09,1.6,640x480
sleepyCombination.avi,1536,15.05,1.7,640x480
slowBlinkWithNodding.avi,861,15.1,0.95,640x480
yawning.avi,936,15.09,1.03,640x480
nonsleepyCombination.avi,2828,30.08,1.57,640x480
sleepyCombination.avi,3227,30.15,1.78,640x480
slowBlinkWithNodding.avi,2043,30.49,1.12,640x480
yawning.avi,2045,30.52,1.12,640x480
nonsleepyCombination.avi,4294,30.02,2.38,640x480
sleepyCombination.avi,3069,30.08,1.7,640x480
slowBlinkWithNodding.avi,2103,30.04,1.17,640x480
yawning.avi,2128,30.4,1.17,640x480
nonsleepyCombination.avi,2906,30.27,1.6,640x480
sleepyCombination.avi,2941,30.31,1.62,640x480
slowBlinkWithNodding.avi,2258,30.1,1.25,640x480
yawning.avi,2127,30.38,1.17,640x480
nonsleepyCombination.avi,1475,15.05,1.63,640x480
sleepyCombination.avi,1445,15.05,1.6,640x480
slowBlinkWithNodding.avi,1133,15.1,1.25,640x480
yawning.avi,1009,15.05,1.12,640x480
nonsleepyCombination.avi,1569,15.08,1.73,640x480
sleepyCombination.avi,1494,15.09,1.65,640x480
slowBlinkWithNodding.avi,986,15.16,1.08,640x480
yawning.avi,1138,15.17,1.25,640x480
nonsleepyCombination.avi,2911,29.11,1.67,640x480
sleepyCombination.avi,3159,30.08,1.75,640x480
slowBlinkWithNodding.avi,2399,30.36,1.32,640x480
yawning.avi,2227,30.09,1.23,640x480
nonsleepyCombination.avi,3010,30.1,1.67,640x480
sleepyCombination.avi,2857,30.39,1.57,640x480
slowBlinkWithNodding.avi,1959,30.13,1.08,640x480
yawning.avi,1952,30.5,1.07,640x480
nonsleepyCombination.avi,2918,30.08,1.62,640x480
sleepyCombination.avi,3007,30.07,1.67,640x480
slowBlinkWithNodding.avi,2099,30.42,1.15,640x480
yawning.avi,2296,30.21,1.27,640x480
nonsleepyCombination.avi,1420,15.1,1.57,640x480
sleepyCombination.avi,1426,15.17,1.57,640x480
slowBlinkWithNodding.avi,1059,15.12,1.17,640x480
yawning.avi,1006,15.01,1.12,640x480
nonsleepyCombination.avi,1538,15.07,1.7,640x480
sleepyCombination.avi,1418,15.08,1.57,640x480
slowBlinkWithNodding.avi,950,15.07,1.05,640x480
yawning.avi,981,15.09,1.08,640x480
nonsleepyCombination.avi,2861,30.11,1.58,640x480
sleepyCombination.avi,3090,30.29,1.7,640x480
slowBlinkWithNodding.avi,2302,29.13,1.32,640x480
yawning.avi,2117,30.24,1.17,640x480
nonsleepyCombination.avi,2882,30.33,1.58,640x480
sleepyCombination.avi,2965,30.25,1.63,640x480
slowBlinkWithNodding.avi,2240,29.09,1.28,640x480
yawning.avi,2104,30.49,1.15,640x480
nonsleepyCombination.avi,3168,30.17,1.75,640x480
sleepyCombination.avi,3090,30.29,1.7,640x480
slowBlinkWithNodding.avi,2413,30.16,1.33,640x480
yawning.avi,2142,30.16,1.18,640x480
nonsleepyCombination.avi,1558,15.12,1.72,640x480
sleepyCombination.avi,1508,15.08,1.67,640x480
slowBlinkWithNodding.avi,1154,15.18,1.27,640x480
yawning.avi,1015,15.14,1.12,640x480
nonsleepyCombination.avi,1555,15.09,1.72,640x480
sleepyCombination.avi,1678,15.11,1.85,640x480
slowBlinkWithNodding.avi,1131,15.08,1.25,640x480
yawning.avi,959,15.22,1.05,640x480
nonsleepyCombination.avi,2946,30.37,1.62,640x480
sleepyCombination.avi,2893,30.45,1.58,640x480
slowBlinkWithNodding.avi,2128,30.4,1.17,640x480
yawning.avi,1965,30.23,1.08,640x480
nonsleepyCombination.avi,4460,30.13,2.47,640x480
sleepyCombination.avi,2739,30.09,1.52,640x480
slowBlinkWithNodding.avi,2259,30.12,1.25,640x480
yawning.avi,2163,30.46,1.18,640x480
Total,723247,,,
